competition_id,round_type_id,group_id,is_extra,scramble_num,scramble,Half Turn Count
TCGSpaceSantaAnita2023,1,E,0,3,U2 R' F2 R2 U2 R2 U' R2 U2 R2 U2,9
200Peru2024,f,A,0,4,U2 F2 U2 R2 U2 R2 U' R U2 R' U2,8
Norrlandsmasterskapet2025,2,A,0,2,R' U2 F2 R2 U2 R2 U2 F R2 U' R2,8
FariaBritoOpen2022,f,A,1,1,U2 R2 U' F U2 R2 U2 R2 U2 F U2,8
ToulonOpen2017,2,B,1,1,R' U2 F2 U2 R2 U' R2 U2 F U2 R2,8
SydneyOpen2019,1,C,0,4,U2 R' U2 F2 U2 R2 U2 R2 U' F U2,8
PBsinPalisadesOpen2025,1,B,0,2,U2 R' F U2 R2 U2 R2 U2 F' R2 U2,8
CubingKazakhstanNationals2025,f,B,1,1,U2 R' U2 R2 U' R2 U2 R' F2 R2 U2,8
KampinKuutiopaivat2025,1,A,0,2,R' U2 R2 U2 R2 U2 F U2 R2 U' R2,8
MidwestCubingClassic2025,f,J,1,2,U' R' F2 R2 U2 R2 U2 R2 U' R2 U2,8
Cubetoberfest2015,2,A,0,5,U2 R U2 R2 U2 R2 F' R2 U2 F R2,8
RubikerosOpen2016,1,D,0,3,U2 R' U2 F2 U2 R2 U2 R2 U' R U2,8
BursaWinter2019,2,B,1,1,R2 F U2 F R2 U2 R2 U2 F R2 U2,8
FlashbackCollectorMetz2024,1,C,0,5,R' U2 R2 U' R2 F U2 R2 U2 R2 U2,8
IcelandNationals2018,2,A,0,2,U2 R2 U2 R2 F U2 F U' R2 U2 R2,8
MelbourneTrilogySaturday2022,1,C,0,2,U2 R' U2 R2 U' R2 F2 R2 U2 R2 U',8
CubingAbovetheDinosaurs2024,f,J,0,5,U2 R U2 R2 U' F U2 R2 U2 R2 U2,8
GemCityWarmUpOH2025,1,C,0,1,R U2 R2 F U2 R2 U2 R2 U2 R2 U',8
SofiaSpring2025,f,A,1,2,U2 R U2 R2 F2 U2 F R2 U' R2 U2,8
HongKongChampionship2025,1,G,0,5,U' R U2 R2 U2 F2 U' R2 U2 R2 U2,8
FuenlabradaOpen2018,2,B,0,1,U2 R' U2 F U2 R2 U2 R2 U2 F U2,8
IIIProjectWarszawa2019,1,D,1,1,R' U2 R2 U' R2 F2 U2 F U2 R2 U2,8
PSKGPremiereCubing2025,1,B,0,1,R2 U' R2 F U2 F R2 U2 R2 U2 R2,8
VilniusOpen2022,f,A,1,2,U2 R' U2 R2 U2 R2 F U2 F U2 R2,8
SEChamp2018,1,H,1,2,R U2 R2 F U2 R2 U2 R2 U2 F R2,8
PaladiamanteOpen2022,f,B,0,1,U2 R U2 R2 U2 F R2 U2 R2 U2 R,8
SlovakianCubeDay2018,1,A,1,2,U2 R' F2 U2 R2 U2 R' U2 R2 U2 R',8
GACubersGreetings2022,1,A,0,5,U2 R2 U' F U2 R2 U' R2 U2 R2 U2,8
UnicentroArmeniaII2024,1,B,0,5,U2 R2 U2 R2 U' R2 U2 R' U2 R' U2,8
BasauriOpen2025,f,A,0,5,U2 R U2 R2 U2 F2 R U2 R2 U2 R',8
MiniCampeonatoSantiago2014,f,A,0,5,U2 R2 U R2 U2 R2 F U2 F R2 U2,8
PlayExtremeCubingB2025,d,D,1,1,U2 R' U2 F R2 U2 R2 U2 F U2 R2,8
DutchMasters2020,f,D,1,1,U2 R' F U2 R2 U2 R2 U2 F R2 U2,8
PDXCubingBeta2015,1,A,0,5,U2 R' U2 R2 U2 R' F2 U2 R2 U' R2,8
NoPlaceForDNFSpring2019,1,A,0,1,U' R U2 R2 U2 R2 U' R2 U2 F2 R2,8
NacionalesArgentinas2023,f,A,0,5,U2 R U2 R2 F R2 U2 R2 U2 F U2,8
MagicRevenge2015,1,A,0,4,R U2 R2 F2 U' F2 U2 R2 U2 R2 U',8
HolyToledoSummer2018,d,E,1,1,U2 R' U2 F R2 U2 R2 U2 R U2 R2,8
ABHC2017,f,B,1,1,U2 R2 U2 R2 F U' F2 U2 R2 U2 R',8
RubiksWCAAfricanChampionship2024,2,A,1,2,U2 R' U2 R2 U2 R2 U2 F2 U2 R U',8
PhoenixMarketcity2019,f,A,0,4,U2 R U2 F' R2 U' R2 U2 R2 U2 R2,8
KarkiOpen2024,d,B,0,4,R' U2 F U2 F R2 U2 R2 U2 F2 R2,8
SwissScienceOpen2024,f,C,1,1,R' F2 U2 R2 U2 R2 F U' R2 U2 R2,8
PragueSummerOpener2024,1,A,1,2,U2 R' U2 R2 U' F' U2 R2 U2 R2 U2,8
YakimaValleyCubingSpring2019,1,A,0,5,U2 R' U2 R2 U' R2 F2 U2 R2 U' R2,8
SPOpen2014,1,B,0,1,U2 R' F' U2 R2 U2 R2 U2 F R2 U2,8
MaltaEndofSummer2025,f,B,0,2,U2 F2 U2 F R2 U' R2 U' R2 U2 R2,8
CultAWayCubeOpen2018,1,E,0,1,U2 R U2 R2 F R2 U2 R2 U2 F U2,8
UzbekistanNationals2023,1,A,0,4,R' U2 F' U2 R2 U2 R2 F U2 R2 U2,8
SouthLuzonChampionship2022,c,B,1,2,U2 R2 U' R2 F R2 U2 R2 U2 F U2,8
GuateMayaOpen2016,1,H,1,1,U2 R U2 R2 F R2 U2 R2 U2 R U2,8
DebicaCubingSummer2024,2,B,1,2,R U2 R2 F U2 R2 U2 R2 U2 F U2,8
MilduraMadness2023,2,A,0,4,R2 U2 F U2 F R2 U2 R2 U2 R U2,8
AutotaloAnimeAdventure82024,1,B,0,4,R U2 R2 U2 R2 U2 R2 F R2 U2 R',8
LetsCubeLongBeach2025,1,C,1,2,U2 R' U2 R2 U2 R2 F R2 U2 R' U2,8
CubeFactoryRogow2024,2,C,1,2,R2 U2 F R2 U2 R' U2 R' U2 R2 U2,8
BayonneAtoutcubesOpen2023,1,C,1,2,R2 U2 F U2 F R2 U2 R2 U' R2 U2,8
Uppsalaligan5X22025,f,B,1,1,U2 R' U2 R U2 R' U2 F2 U2 R2 U2,8
BatonRougeWinterB2025,1,B,1,2,R2 U2 F U2 F R2 U2 R2 U2 R2 U',8
TCGFallArequipa2022,1,A,0,5,U' R U2 R2 U2 R2 U2 R2 U' F2 R2,8
SydneySummer2023,1,G,1,2,R' U2 F U2 F R2 U2 R2 U2 R2 U2,8
CubingClassic2017,2,B,0,3,U2 R U2 R2 U2 F U' F2 U2 R2 U2,8
MerryCubing2015,1,B,0,2,U2 R' U2 R2 F2 U2 R2 U2 R' U2 R',8
WC2025,1,P,0,3,U2 R U2 R2 F R2 U2 R2 U' R2 U2,8
MichiganChampionship2024,1,E,0,5,R' U2 F2 U2 R2 U2 R2 U' F' R2 U2,8
BerkeleyFall2017,d,G,0,3,U2 R U2 R2 F2 U2 F R2 U' R2 U2,8
SAC2022,1,A,0,4,R U2 R2 U2 R2 U2 R2 U' F R2 U2,8
AutotaloAnimeAdventureVI2024,f,A,0,2,F2 U2 F R2 U2 R2 U2 R U2 R' U2,8
LetsCubeLongBeach2025,2,A,0,1,R U2 R2 U' F2 R2 U2 R2 U2 F R2,8
HonoluluHaulelau2024,1,A,1,2,R U2 R2 F R2 U2 R2 U2 F U2 R2,8
ParlaOpen2022,f,A,0,1,U2 R' F2 R2 U2 R2 U' F U2 R2 U2,8
3eLordagskubeniVasteras2024,f,A,1,1,R2 F2 R2 U2 R2 U2 R U2 R' U' R2,8
SiouxCitySunday2023,1,A,0,1,R2 U2 R2 U2 F R2 U' R2 U' R2 U2,8
XuzhouWinter2018,2,A,1,2,U2 R' U2 R2 U2 R2 F U' F2 R2 U2,8
PonikvaOpen2022,1,B,0,2,U2 R' U2 F2 R2 U2 R2 U' F R2 U2,8
BucharestCubingMayB2024,1,A,0,4,U' R' F U2 R2 U2 R2 U2 F2 U2 R2,8
SacCubingVI2019,d,B,0,5,R U2 R2 F U2 R2 U2 R2 U2 R U2,8
NexusMonsoonOpen2022,1,H,0,5,R2 U' R2 F U2 F2 U2 R2 U2 R' U2,8
Uppsalaligan1Coin2024,f,A,0,2,U2 F2 U2 F R2 U' R2 U' R2 U2 R2,8
IrunaOpen2023,1,D,0,4,R U2 R2 F2 U' R2 U2 R2 U2 R U2,8
EzhouOpen2019,2,A,0,3,R' U2 R2 U2 R2 U' F U2 F2 U2 R2,8
AFSwedishCubeOpen2016,f,A,0,4,U2 R' U2 R2 U2 R2 F U2 F U2 R2,8
TbilisiMayOpen2024,f,A,1,1,R' F2 U2 R2 F' R2 F U2 R2 U2 R2,8
NilvangeOpen2025,1,B,0,5,U2 R' U2 R2 U2 R2 F U2 R2 U' R2,8
SergachWinter2019,1,B,0,2,R' U2 R2 U' R2 F2 R2 U2 R2 U' R2,8
NorwichSummer2023,d,B,0,1,U2 R U' R2 F U2 R2 U2 R2 U2 F,7
ValenciaOpen2015,1,C,1,1,U R U2 R2 F' R2 U' R2 U2 R2 U2,7
ArnoldClassicSouthAmerica2017,1,C,0,3,U2 R U2 F' R U2 R2 U2 F R2 U2,7
LaTiendaCuberaFest2023,1,E,0,2,R U2 R' U2 R2 F2 R U2 R' U2 R2,7
KoreanChampionship2024,1,D,0,4,U2 R F2 U2 R U2 R' U2 R2 U' R2,7
AlborzGreenCup2019,1,A,1,1,U2 R' F R2 U' R2 U2 R2 F' R2 F2,7
XianNewYear2025,d,D,1,1,U' R' U2 R2 U2 F' U' R2 U2 F2 U2,7
AventuraCubicaVI2018,2,B,0,2,U2 R' F U2 R2 U2 R2 U2 F R2 U',7
NewcastleOpen2023,1,D,0,5,R' U2 R2 F U2 R2 U' R2 U2 R U2,7
PragueNxNxN2023,1,A,0,4,R' U2 R2 U2 R2 F R U2 R' F2 U2,7
IrunaOpen2017,1,B,0,1,R' U2 R2 U2 F' U2 R2 F' U2 R U2,7
CubeenBaieOpen2024,1,C,0,5,U2 R U2 R2 U F2 R2 U' R2 U' R2,7
France2017,d,C,1,1,R U' R2 F' R2 U2 R2 U2 R2 U2 R',7
HanoiSummer2023,1,D,0,5,R' F' U2 R U2 R U2 R2 U2 F2 U2,7
ZhuyuangangOpen2019,1,D,0,4,U2 R' U2 R2 F' R2 U2 F2 U' F U2,7
